emoji,joy,love,sadness,anger,fear,surprise,disgust,neutral,polarity,intensity,sarcasm_cue,notes
😀,0.8,0,0,0,0,0.1,0,0.1,0.7,0.6,0.05,plain grin
😃,0.85,0,0,0,0,0.1,0,0.05,0.75,0.65,0.05,big-eyed grin
😄,0.9,0,0,0,0,0,0,0.1,0.8,0.7,0.05,smiling eyes grin
😁,0.85,0,0,0,0,0.05,0,0.1,0.75,0.7,0.1,beaming; sometimes awkward
😆,0.9,0,0,0,0,0.05,0,0.05,0.8,0.8,0.1,squinting laugh
😅,0.4,0,0.1,0,0.3,0,0,0.2,0.2,0.5,0.3,nervous or awkward laugh
🤣,0.85,0,0,0,0,0.05,0,0.1,0.7,0.9,0.35,rofl; also mocking laughter
😂,0.75,0,0.05,0,0,0.1,0,0.1,0.6,0.85,0.35,tears of joy; also mocking laughter
🙂,0.45,0.1,0,0,0,0,0,0.45,0.3,0.3,0.35,slight smile; often passive-aggressive
🙃,0.15,0,0.15,0.15,0,0.1,0.1,0.35,-0.1,0.4,0.85,upside-down face; classic sarcasm marker
🫠,0.1,0,0.3,0,0.2,0.1,0,0.3,-0.2,0.5,0.4,melting; embarrassment or overwhelm
😉,0.6,0.15,0,0,0,0,0,0.25,0.5,0.4,0.45,wink; joking or ironic
😊,0.7,0.2,0,0,0,0,0,0.1,0.7,0.5,0.05,warm smile
😇,0.6,0.1,0,0,0,0,0,0.3,0.5,0.4,0.3,halo; innocent act can be ironic
🥰,0.4,0.6,0,0,0,0,0,0,0.9,0.8,0.02,smiling with hearts
😍,0.35,0.6,0,0,0,0.05,0,0,0.9,0.85,0.03,heart eyes
🤩,0.6,0.1,0,0,0,0.3,0,0,0.85,0.9,0.05,star-struck
😘,0.3,0.7,0,0,0,0,0,0,0.85,0.7,0.05,blowing a kiss
😗,0.3,0.5,0,0,0,0,0,0.2,0.5,0.4,0.05,kissing face
☺️,0.7,0.2,0,0,0,0,0,0.1,0.65,0.4,0.05,smiling face
☺,0.7,0.2,0,0,0,0,0,0.1,0.65,0.4,0.05,smiling face without variation selector
😚,0.4,0.6,0,0,0,0,0,0,0.75,0.6,0.03,kissing closed eyes
😙,0.5,0.5,0,0,0,0,0,0,0.7,0.5,0.05,kissing smiling eyes
🥲,0.35,0.1,0.45,0,0,0,0,0.1,0,0.6,0.3,smiling with tear; bittersweet or 'I am fine'
😋,0.8,0,0,0,0,0,0,0.2,0.7,0.5,0.05,yum
😛,0.7,0,0,0,0,0,0,0.3,0.5,0.4,0.25,tongue out
😜,0.75,0,0,0,0,0,0,0.25,0.55,0.6,0.4,winking tongue; joking
🤪,0.7,0,0,0,0,0.15,0,0.15,0.5,0.8,0.45,zany
😝,0.75,0,0,0,0,0,0.05,0.2,0.5,0.6,0.3,squinting tongue
🤑,0.7,0,0,0,0,0.1,0,0.2,0.6,0.7,0.2,money mouth; greed or profit
🤗,0.5,0.5,0,0,0,0,0,0,0.8,0.6,0.05,hug
🤭,0.4,0,0,0,0,0.4,0,0.2,0.3,0.5,0.35,giggle or oops; can mock
🫢,0,0,0,0,0.2,0.7,0,0.1,-0.1,0.6,0.2,gasp with hand over mouth
🫣,0,0,0,0,0.4,0.3,0,0.3,-0.2,0.5,0.15,peeking; cringe or scared
🤫,0.2,0,0,0,0,0.1,0,0.7,0,0.3,0.2,shush
🤔,0,0,0,0.1,0,0.3,0,0.6,-0.1,0.3,0.45,thinking; doubt or skepticism
🫡,0.2,0.2,0,0,0,0,0,0.6,0.3,0.3,0.3,salute; often ironic
🤐,0,0,0,0,0.2,0,0,0.8,-0.1,0.3,0.15,zipper mouth
🤨,0,0,0,0.15,0,0.25,0.15,0.45,-0.3,0.4,0.6,raised eyebrow; skeptical
😐,0,0,0.1,0.1,0,0,0,0.8,-0.2,0.2,0.45,neutral face; deadpan
😑,0,0,0,0.2,0,0,0.2,0.6,-0.4,0.3,0.55,expressionless; unamused
😶,0,0,0.2,0,0.1,0,0,0.7,-0.2,0.3,0.2,no mouth; speechless
🫥,0,0,0.3,0,0.1,0,0,0.6,-0.3,0.3,0.15,dotted-line face; invisible
😶‍🌫️,0,0,0.2,0,0.1,0.2,0,0.5,-0.2,0.3,0.1,face in clouds; confused
😏,0.3,0,0,0.1,0,0.1,0.2,0.3,0.1,0.5,0.75,smirk; smug or sarcastic
😒,0,0,0.1,0.35,0,0,0.35,0.2,-0.6,0.5,0.75,unamused
🙄,0,0,0,0.35,0,0.1,0.35,0.2,-0.6,0.6,0.9,eye roll; strong sarcasm marker
😬,0,0,0.2,0,0.45,0,0.15,0.2,-0.4,0.6,0.4,grimace; yikes
😮‍💨,0.15,0,0.35,0.15,0,0,0,0.35,-0.2,0.4,0.3,exhale; sigh or relief
🤥,0,0,0,0.2,0,0.1,0.3,0.4,-0.3,0.4,0.5,lying face
🫨,0,0,0,0,0.4,0.5,0,0.1,-0.2,0.8,0.1,shaking face; shock
🙂‍↔️,0,0,0.1,0.2,0,0,0.2,0.5,-0.4,0.4,0.3,head shaking no
🙂‍↕️,0.4,0,0,0,0,0,0,0.6,0.3,0.3,0.1,head nodding yes
😌,0.6,0.1,0,0,0,0,0,0.3,0.5,0.3,0.1,relieved
😔,0,0,0.8,0,0,0,0,0.2,-0.6,0.5,0.1,pensive
😪,0,0,0.3,0,0,0,0,0.7,-0.2,0.3,0.05,sleepy
🤤,0.6,0.2,0,0,0,0.1,0,0.1,0.5,0.6,0.1,drooling
😴,0,0,0.1,0,0,0,0,0.9,-0.1,0.3,0.25,sleeping; also 'boring'
🫩,0,0,0.5,0.1,0,0,0,0.4,-0.4,0.4,0.15,bags under eyes; exhausted
😷,0,0,0.4,0,0.3,0,0,0.3,-0.4,0.4,0.05,medical mask
🤒,0,0,0.6,0,0.2,0,0,0.2,-0.5,0.4,0.05,thermometer; sick
🤕,0,0,0.7,0,0.1,0,0,0.2,-0.6,0.5,0.05,head bandage; hurt
🤢,0,0,0.1,0,0.1,0,0.8,0,-0.8,0.7,0.1,nauseated
🤮,0,0,0,0.1,0,0,0.9,0,-0.9,0.9,0.15,vomiting
🤧,0,0,0.4,0,0,0,0,0.6,-0.3,0.3,0.02,sneezing
🥵,0.2,0,0,0.2,0.2,0.2,0,0.2,0,0.6,0.1,hot face; heat or attraction
🥶,0,0,0.3,0,0.3,0.2,0,0.2,-0.3,0.6,0.05,cold face
🥴,0.2,0,0.2,0,0,0.2,0,0.4,-0.1,0.5,0.2,woozy
😵,0,0,0.2,0,0.3,0.5,0,0,-0.4,0.7,0.15,knocked out
😵‍💫,0,0,0,0,0.3,0.4,0,0.3,-0.3,0.6,0.2,spiral eyes; overwhelmed
🤯,0.1,0,0,0,0.1,0.8,0,0,0,0.95,0.15,mind blown
🤠,0.8,0,0,0,0,0,0,0.2,0.6,0.5,0.2,cowboy
🥳,0.9,0,0,0,0,0.1,0,0,0.9,0.9,0.1,partying
🥸,0.3,0,0,0,0,0.1,0,0.6,0.1,0.3,0.3,disguised
😎,0.7,0,0,0,0,0,0,0.3,0.6,0.5,0.25,cool; can be smug
🤓,0.5,0,0,0,0,0,0,0.5,0.3,0.3,0.4,nerd; often mocking 'um actually'
🧐,0,0,0,0,0,0.3,0.1,0.6,0,0.4,0.4,monocle; scrutinizing
😕,0,0,0.3,0,0.1,0.3,0,0.3,-0.3,0.4,0.2,confused
🫤,0,0,0.2,0.2,0,0,0.2,0.4,-0.3,0.3,0.45,diagonal mouth; unimpressed
😟,0,0,0.4,0,0.6,0,0,0,-0.5,0.5,0.05,worried
🙁,0,0,0.7,0.1,0,0,0,0.2,-0.5,0.4,0.05,slightly frowning
☹️,0,0,0.8,0.1,0,0,0,0.1,-0.6,0.5,0.05,frowning
☹,0,0,0.8,0.1,0,0,0,0.1,-0.6,0.5,0.05,frowning without variation selector
😮,0,0,0,0,0.1,0.8,0,0.1,0,0.6,0.1,open mouth
😯,0,0,0,0,0,0.8,0,0.2,0,0.5,0.1,hushed
😲,0,0,0,0,0.15,0.85,0,0,0,0.8,0.1,astonished
😳,0.1,0,0.1,0,0.2,0.5,0,0.1,-0.1,0.7,0.15,flushed; embarrassed
🥺,0,0.3,0.5,0,0.1,0,0,0.1,-0.1,0.6,0.1,pleading
🥹,0.35,0.3,0.35,0,0,0,0,0,0.3,0.7,0.05,holding back tears; touched
😦,0,0,0.3,0,0.3,0.4,0,0,-0.4,0.6,0.05,frowning open mouth
😧,0,0,0.4,0,0.4,0.2,0,0,-0.6,0.7,0.05,anguished
😨,0,0,0,0,0.9,0.1,0,0,-0.7,0.8,0.02,fearful
😰,0,0,0.15,0,0.85,0,0,0,-0.7,0.75,0.03,anxious with sweat
😥,0.2,0,0.6,0,0,0,0,0.2,-0.3,0.4,0.05,sad but relieved
😢,0,0,0.95,0,0,0,0,0.05,-0.8,0.7,0.05,crying
😭,0.1,0.05,0.8,0,0,0,0,0.05,-0.6,0.95,0.2,loudly crying; also hyperbolic laughing or 'so cute'
😱,0,0,0,0,0.7,0.3,0,0,-0.6,0.95,0.1,screaming in fear
😖,0,0,0.4,0.3,0.3,0,0,0,-0.6,0.7,0.05,confounded
😣,0,0,0.5,0.2,0.3,0,0,0,-0.5,0.6,0.05,persevering
😞,0,0,0.9,0,0,0,0,0.1,-0.7,0.5,0.05,disappointed
😓,0,0,0.6,0,0.3,0,0,0.1,-0.5,0.5,0.1,downcast with sweat
😩,0,0,0.6,0.3,0.1,0,0,0,-0.6,0.7,0.15,weary
😫,0,0,0.5,0.4,0.1,0,0,0,-0.6,0.7,0.15,tired face
🥱,0,0,0.2,0,0,0,0,0.8,-0.2,0.3,0.5,yawn; 'so exciting' sarcasm
😤,0.1,0,0,0.75,0,0,0,0.15,-0.4,0.7,0.1,steam from nose; anger or triumph
😡,0,0,0,0.95,0,0,0.05,0,-0.9,0.9,0.02,enraged
😠,0,0,0,0.9,0,0,0.1,0,-0.8,0.8,0.02,angry
🤬,0,0,0,0.95,0,0,0.05,0,-0.95,1.0,0.02,cursing
😈,0.5,0,0,0.2,0,0.1,0,0.2,0.1,0.6,0.3,smiling devil; mischief
👿,0,0,0,0.9,0,0,0.1,0,-0.8,0.8,0.05,angry devil
💀,0.45,0,0.1,0,0.1,0.15,0,0.2,0.1,0.8,0.55,skull; 'I am dead' laughing or death
☠️,0.1,0,0.2,0,0.5,0,0.1,0.1,-0.5,0.7,0.3,skull and crossbones
☠,0.1,0,0.2,0,0.5,0,0.1,0.1,-0.5,0.7,0.3,skull and crossbones without variation selector
💩,0.2,0,0,0.2,0,0,0.6,0,-0.5,0.6,0.35,pile of poo
🤡,0.1,0,0.1,0.3,0,0,0.35,0.15,-0.5,0.7,0.95,clown; mockery; strong sarcasm marker
👹,0,0,0,0.6,0.4,0,0,0,-0.6,0.7,0.1,ogre
👺,0,0,0,0.6,0.2,0,0.2,0,-0.6,0.7,0.1,goblin
👻,0.4,0,0,0,0.4,0.2,0,0,0,0.5,0.2,ghost; playful or spooky
👽,0.1,0,0,0,0,0.5,0,0.4,0,0.4,0.1,alien
👾,0.5,0,0,0,0,0,0,0.5,0.2,0.3,0.05,alien monster
🤖,0.1,0,0,0,0,0,0,0.9,0,0.2,0.15,robot
😺,0.85,0,0,0,0,0,0,0.15,0.7,0.6,0.05,grinning cat
😸,0.9,0,0,0,0,0,0,0.1,0.75,0.65,0.05,grinning cat smiling eyes
😹,0.85,0,0,0,0,0.05,0,0.1,0.7,0.8,0.3,cat tears of joy
😻,0.4,0.6,0,0,0,0,0,0,0.9,0.8,0.03,heart-eyes cat
😼,0.4,0,0,0.15,0,0,0.15,0.3,0.1,0.5,0.55,wry cat smile
😽,0.4,0.6,0,0,0,0,0,0,0.8,0.6,0.03,kissing cat
🙀,0,0,0,0,0.5,0.5,0,0,-0.4,0.8,0.05,weary cat
😿,0,0,0.95,0,0,0,0,0.05,-0.8,0.7,0.05,crying cat
😾,0,0,0,0.85,0,0,0.15,0,-0.7,0.7,0.05,pouting cat
🙈,0.35,0,0,0,0.2,0.25,0,0.2,0,0.6,0.3,see-no-evil; embarrassed or cringe
🙉,0.2,0,0,0,0,0.3,0,0.5,0,0.4,0.25,hear-no-evil
🙊,0.4,0,0,0,0,0.4,0,0.2,0.1,0.5,0.3,speak-no-evil
💌,0.2,0.8,0,0,0,0,0,0,0.8,0.6,0.02,love letter
💘,0.15,0.85,0,0,0,0,0,0,0.85,0.7,0.02,heart with arrow
💝,0.25,0.75,0,0,0,0,0,0,0.85,0.6,0.02,heart with ribbon
💖,0.3,0.7,0,0,0,0,0,0,0.9,0.7,0.02,sparkling heart
💗,0.25,0.75,0,0,0,0,0,0,0.85,0.7,0.02,growing heart
💓,0.2,0.8,0,0,0,0,0,0,0.85,0.7,0.02,beating heart
💞,0.2,0.8,0,0,0,0,0,0,0.85,0.7,0.02,revolving hearts
💕,0.2,0.8,0,0,0,0,0,0,0.85,0.6,0.02,two hearts
💟,0.3,0.7,0,0,0,0,0,0,0.75,0.5,0.02,heart decoration
❣️,0.15,0.75,0,0,0,0.1,0,0,0.8,0.6,0.02,heart exclamation
❣,0.15,0.75,0,0,0,0.1,0,0,0.8,0.6,0.02,heart exclamation without variation selector
💔,0,0.1,0.85,0.05,0,0,0,0,-0.85,0.85,0.05,broken heart
❤️‍🔥,0.3,0.7,0,0,0,0,0,0,0.9,0.9,0.03,heart on fire
❤️‍🩹,0.2,0.4,0.4,0,0,0,0,0,0.1,0.5,0.02,mending heart
❤️,0.15,0.85,0,0,0,0,0,0,0.9,0.7,0.05,red heart
❤,0.15,0.85,0,0,0,0,0,0,0.9,0.7,0.05,red heart without variation selector
🩷,0.25,0.75,0,0,0,0,0,0,0.8,0.5,0.02,pink heart
🧡,0.25,0.75,0,0,0,0,0,0,0.8,0.5,0.02,orange heart
💛,0.25,0.75,0,0,0,0,0,0,0.8,0.5,0.02,yellow heart
💚,0.25,0.75,0,0,0,0,0,0,0.8,0.5,0.02,green heart
💙,0.25,0.75,0,0,0,0,0,0,0.8,0.5,0.02,blue heart
🩵,0.25,0.75,0,0,0,0,0,0,0.8,0.5,0.02,light blue heart
💜,0.25,0.75,0,0,0,0,0,0,0.8,0.5,0.02,purple heart
🤎,0.25,0.75,0,0,0,0,0,0,0.8,0.5,0.02,brown heart
🤍,0.25,0.75,0,0,0,0,0,0,0.8,0.5,0.02,white heart
🖤,0,0.4,0.3,0.1,0,0,0,0.2,0,0.5,0.15,black heart; edgy or grief
🩶,0,0.3,0.3,0,0,0,0,0.4,0.1,0.3,0.05,grey heart
💋,0.2,0.8,0,0,0,0,0,0,0.8,0.6,0.03,kiss mark
💯,0.6,0,0,0,0,0.1,0,0.3,0.6,0.8,0.1,hundred points; agreement or emphasis
💢,0,0,0,0.95,0,0,0.05,0,-0.8,0.8,0.05,anger symbol
💥,0.2,0,0,0.2,0,0.6,0,0,0,0.8,0.05,collision
💫,0.4,0,0,0,0,0.4,0,0.2,0.3,0.5,0.05,dizzy
💦,0.2,0,0,0,0.2,0.1,0,0.5,0,0.4,0.1,sweat droplets
💨,0,0,0,0,0.2,0.2,0,0.6,0,0.4,0.1,dashing away
🗯️,0,0,0,0.8,0,0,0,0.2,-0.6,0.6,0.05,anger bubble
🗯,0,0,0,0.8,0,0,0,0.2,-0.6,0.6,0.05,anger bubble without variation selector
💤,0,0,0.2,0,0,0,0,0.8,-0.2,0.3,0.5,zzz; boredom sarcasm
👋,0.5,0,0,0,0,0,0,0.5,0.3,0.3,0.1,waving
👌,0.6,0,0,0,0,0,0,0.4,0.5,0.4,0.3,OK hand; can be dismissive
🤌,0.2,0,0,0.3,0,0.2,0,0.3,-0.1,0.6,0.35,pinched fingers; exasperated
✌️,0.7,0,0,0,0,0,0,0.3,0.6,0.4,0.05,victory
✌,0.7,0,0,0,0,0,0,0.3,0.6,0.4,0.05,victory without variation selector
🤞,0.3,0,0,0,0.3,0,0,0.4,0.2,0.5,0.15,crossed fingers; hope
🫰,0.4,0.5,0,0,0,0,0,0.1,0.6,0.4,0.05,finger heart
🤟,0.3,0.7,0,0,0,0,0,0,0.8,0.6,0.02,love-you gesture
🤘,0.8,0,0,0,0,0.1,0,0.1,0.6,0.7,0.05,rock on
🤙,0.6,0,0,0,0,0,0,0.4,0.5,0.4,0.05,call me
🫵,0.2,0,0,0.3,0,0,0,0.5,-0.1,0.5,0.35,pointing at you; accusing or mocking
👍,0.6,0,0,0,0,0,0,0.4,0.6,0.4,0.35,thumbs up; passive-aggressive when curt
👎,0,0,0.15,0.35,0,0,0.4,0.1,-0.7,0.6,0.1,thumbs down
✊,0.4,0,0,0.3,0,0,0,0.3,0.2,0.6,0.05,raised fist; defiance or solidarity
👊,0.3,0,0,0.5,0,0,0,0.2,0,0.7,0.05,fist; bump or punch
🤛,0.5,0,0,0.2,0,0,0,0.3,0.2,0.5,0.05,left fist bump
🤜,0.5,0,0,0.2,0,0,0,0.3,0.2,0.5,0.05,right fist bump
👏,0.7,0,0,0,0,0.2,0,0.1,0.6,0.6,0.55,clapping; slow-clap sarcasm
🙌,0.85,0,0,0,0,0.15,0,0,0.85,0.8,0.1,raising hands
🫶,0.2,0.8,0,0,0,0,0,0,0.9,0.7,0.02,heart hands
👐,0.4,0.3,0,0,0,0,0,0.3,0.3,0.3,0.05,open hands
🤲,0.2,0,0.2,0,0,0,0,0.6,0,0.3,0.05,palms up; prayer or please
🤝,0.5,0.1,0,0,0,0,0,0.4,0.5,0.4,0.05,handshake
🙏,0.3,0.3,0.1,0,0.1,0,0,0.2,0.4,0.5,0.15,folded hands; thanks or please
💅,0.4,0,0,0,0,0,0.2,0.4,0.1,0.5,0.6,nail polish; unbothered or sassy
💪,0.7,0,0,0,0,0.1,0,0.2,0.7,0.7,0.05,flexed biceps
👀,0.1,0,0,0,0.1,0.5,0,0.3,0,0.6,0.35,eyes; anticipation or suspicion
🧠,0.2,0,0,0,0,0,0,0.8,0.1,0.3,0.3,brain; 'big brain' can mock
🫦,0,0.4,0,0,0.3,0.2,0,0.1,0.1,0.6,0.1,biting lip
🤦,0,0,0.2,0.3,0,0,0.3,0.2,-0.5,0.6,0.7,facepalm; exasperation
🤷,0,0,0.1,0,0,0.2,0,0.7,-0.1,0.3,0.6,shrug; indifference or 'whatever'
🙅,0,0,0,0.4,0,0,0.3,0.3,-0.5,0.5,0.1,gesturing no
🙆,0.6,0,0,0,0,0,0,0.4,0.5,0.4,0.1,gesturing OK
🙋,0.6,0,0,0,0,0,0,0.4,0.4,0.4,0.05,raising hand
🙇,0,0.3,0.3,0,0,0,0,0.4,0,0.4,0.1,bowing; apology or respect
💁,0.3,0,0,0,0,0,0.2,0.5,0.1,0.4,0.5,tipping hand; sassy
🙍,0,0,0.7,0.2,0,0,0,0.1,-0.6,0.5,0.05,frowning person
🙎,0,0,0.2,0.7,0,0,0.1,0,-0.6,0.5,0.05,pouting person
💃,0.9,0,0,0,0,0,0,0.1,0.85,0.8,0.1,dancing
🕺,0.9,0,0,0,0,0,0,0.1,0.85,0.8,0.1,dancing
🤸,0.9,0,0,0,0,0,0,0.1,0.7,0.7,0.05,cartwheel
👯,0.8,0.2,0,0,0,0,0,0,0.7,0.6,0.05,bunny ears
🫂,0.2,0.7,0.1,0,0,0,0,0,0.7,0.6,0.02,people hugging
💑,0.1,0.9,0,0,0,0,0,0,0.9,0.6,0.02,couple with heart
💏,0.1,0.9,0,0,0,0,0,0,0.9,0.6,0.02,kiss
🖕,0,0,0,0.9,0,0,0.1,0,-0.9,0.9,0.05,middle finger
🔥,0.6,0,0,0.1,0,0.2,0,0.1,0.6,0.9,0.1,fire; hype (rarely rage)
🚀,0.8,0,0,0,0,0.1,0,0.1,0.8,0.9,0.25,rocket; 'to the moon' hype; ironic when losing
🌙,0.4,0,0,0,0,0,0,0.6,0.3,0.4,0.1,crescent moon; 'to the moon'
📈,0.7,0,0,0,0,0.1,0,0.2,0.7,0.6,0.1,chart increasing; bullish
📉,0,0,0.6,0.1,0.3,0,0,0,-0.7,0.6,0.1,chart decreasing; bearish
💸,0,0,0.5,0.1,0.2,0,0,0.2,-0.4,0.6,0.3,money with wings; losing money
💰,0.7,0,0,0,0,0,0,0.3,0.6,0.6,0.1,money bag
💎,0.5,0.1,0,0,0,0,0,0.4,0.5,0.5,0.1,gem; 'diamond hands'
🐂,0.5,0,0,0,0,0,0,0.5,0.4,0.4,0.05,ox; bullish on StockTwits
🐻,0,0,0.3,0,0.2,0,0,0.5,-0.3,0.4,0.05,bear; bearish on StockTwits
🦍,0.5,0,0,0.1,0,0,0,0.4,0.3,0.6,0.15,gorilla; 'apes together strong'
🌈,0.8,0.2,0,0,0,0,0,0,0.7,0.5,0.05,rainbow
☀️,0.8,0,0,0,0,0,0,0.2,0.6,0.4,0.05,sun
☀,0.8,0,0,0,0,0,0,0.2,0.6,0.4,0.05,sun without variation selector
⛈️,0,0,0.4,0.2,0.3,0,0,0.1,-0.5,0.6,0.05,thunderstorm
⛈,0,0,0.4,0.2,0.3,0,0,0.1,-0.5,0.6,0.05,thunderstorm without variation selector
🌧️,0,0,0.7,0,0,0,0,0.3,-0.5,0.4,0.05,rain cloud
🌧,0,0,0.7,0,0,0,0,0.3,-0.5,0.4,0.05,rain cloud without variation selector
⚡,0.3,0,0,0.2,0,0.5,0,0,0.1,0.8,0.05,high voltage
✨,0.7,0.1,0,0,0,0.2,0,0,0.6,0.5,0.35,sparkles; ironic emphasis like '✨fine✨'
⭐,0.7,0,0,0,0,0,0,0.3,0.6,0.4,0.05,star
🌟,0.8,0,0,0,0,0.2,0,0,0.75,0.6,0.05,glowing star
🎉,0.9,0,0,0,0,0.1,0,0,0.9,0.85,0.2,party popper; sometimes ironic 'yay'
🎊,0.9,0,0,0,0,0.1,0,0,0.9,0.8,0.15,confetti ball
🥂,0.85,0.15,0,0,0,0,0,0,0.8,0.6,0.05,clinking glasses
🍾,0.9,0,0,0,0,0.1,0,0,0.85,0.8,0.05,popping cork
🎂,0.8,0.2,0,0,0,0,0,0,0.8,0.6,0.02,birthday cake
🎁,0.7,0.2,0,0,0,0.1,0,0,0.75,0.6,0.02,gift
🏆,0.9,0,0,0,0,0.1,0,0,0.9,0.8,0.05,trophy
🥇,0.9,0,0,0,0,0.1,0,0,0.85,0.7,0.05,first place medal
🎈,0.9,0,0,0,0,0,0,0.1,0.7,0.5,0.02,balloon
🎯,0.6,0,0,0,0,0,0,0.4,0.5,0.5,0.1,bullseye
❌,0,0,0.1,0.3,0,0,0.2,0.4,-0.5,0.5,0.05,cross mark
✅,0.5,0,0,0,0,0,0,0.5,0.5,0.4,0.05,check mark button
✔️,0.4,0,0,0,0,0,0,0.6,0.4,0.3,0.05,check mark
✔,0.4,0,0,0,0,0,0,0.6,0.4,0.3,0.05,check mark without variation selector
⚠️,0,0,0,0,0.6,0,0,0.4,-0.4,0.5,0.05,warning
⚠,0,0,0,0,0.6,0,0,0.4,-0.4,0.5,0.05,warning without variation selector
🚨,0,0,0,0,0.5,0.4,0,0.1,-0.2,0.8,0.1,siren; alarm
🆘,0,0,0.2,0,0.8,0,0,0,-0.7,0.8,0.05,SOS
❗,0,0,0,0,0,0.6,0,0.4,0,0.6,0.05,exclamation mark
‼️,0,0,0,0,0,0.7,0,0.3,0,0.7,0.05,double exclamation
‼,0,0,0,0,0,0.7,0,0.3,0,0.7,0.05,double exclamation without variation selector
⁉️,0,0,0,0.2,0,0.7,0,0.1,-0.1,0.7,0.15,exclamation question
⁉,0,0,0,0.2,0,0.7,0,0.1,-0.1,0.7,0.15,exclamation question without variation selector
❓,0,0,0,0,0,0.4,0,0.6,0,0.3,0.15,question mark
💡,0.4,0,0,0,0,0.3,0,0.3,0.4,0.4,0.05,light bulb
🍿,0.4,0,0,0,0,0.3,0,0.3,0.2,0.5,0.4,popcorn; watching drama
🍵,0.2,0,0,0,0,0,0.2,0.6,0,0.3,0.45,teacup; 'none of my business'
☕,0.3,0,0,0,0,0,0,0.7,0.2,0.3,0.3,hot beverage; gossip
🧢,0,0,0,0.2,0,0,0.4,0.4,-0.4,0.5,0.6,cap; 'that is a lie'
🐍,0,0,0,0.4,0.2,0,0.4,0,-0.6,0.6,0.2,snake; traitor
🐐,0.7,0.2,0,0,0,0.1,0,0,0.8,0.7,0.1,goat; greatest of all time
🧂,0,0,0,0.5,0,0,0.3,0.2,-0.4,0.5,0.5,salt; 'salty'
🗿,0,0,0,0,0,0.1,0.2,0.7,-0.1,0.4,0.65,moai; deadpan
🥀,0,0,0.9,0,0,0,0,0.1,-0.7,0.6,0.1,wilted flower
🌹,0.2,0.8,0,0,0,0,0,0,0.8,0.5,0.02,rose
💐,0.4,0.6,0,0,0,0,0,0,0.8,0.5,0.02,bouquet
🌸,0.6,0.3,0,0,0,0,0,0.1,0.6,0.4,0.02,cherry blossom
🍀,0.7,0,0,0,0,0,0,0.3,0.6,0.4,0.02,four leaf clover
🔪,0,0,0,0.5,0.5,0,0,0,-0.6,0.6,0.1,kitchen knife
💣,0,0,0,0.3,0.4,0.3,0,0,-0.4,0.8,0.1,bomb
🔫,0.2,0,0,0.4,0.2,0,0,0.2,-0.2,0.5,0.2,water pistol
⚰️,0,0,0.7,0,0.2,0,0,0.1,-0.7,0.6,0.3,coffin; also hyperbolic 'I am dead'
⚰,0,0,0.7,0,0.2,0,0,0.1,-0.7,0.6,0.3,coffin without variation selector
🪦,0,0,0.8,0,0,0,0,0.2,-0.7,0.6,0.3,headstone; also hyperbolic
🕊️,0.3,0.4,0.2,0,0,0,0,0.1,0.4,0.4,0.02,dove
🕊,0.3,0.4,0.2,0,0,0,0,0.1,0.4,0.4,0.02,dove without variation selector
🌊,0.3,0,0,0,0.1,0,0,0.6,0.1,0.4,0.05,wave
🎶,0.7,0.1,0,0,0,0,0,0.2,0.6,0.4,0.05,musical notes
🫀,0,0.2,0,0,0,0,0,0.8,0.1,0.2,0.02,anatomical heart; organ not affection
